{
  "AluCan": {
    "precision": 0.6065573770491803,
    "recall": 0.6218487394957983,
    "f1": 0.6141078838174274,
    "tp": 148,
    "fp": 96,
    "fn": 90,
    "ap": 0.5677875276652562
  },
  "Glass": {
    "precision": 0.6283422459893048,
    "recall": 0.8216783216783217,
    "f1": 0.712121212121212,
    "tp": 235,
    "fp": 139,
    "fn": 51,
    "ap": 0.7289335797050619
  },
  "HDPEM": {
    "precision": 0.5,
    "recall": 0.8291457286432161,
    "f1": 0.6238185255198488,
    "tp": 165,
    "fp": 165,
    "fn": 34,
    "ap": 0.6998049273807199
  },
  "PET": {
    "precision": 0.573134328358209,
    "recall": 0.6508474576271186,
    "f1": 0.6095238095238095,
    "tp": 192,
    "fp": 143,
    "fn": 103,
    "ap": 0.5395328503291505
  },
  "overall": {
    "precision": 0.5767731878409976,
    "recall": 0.7269155206286837,
    "f1": 0.6431986093003041,
    "total_tp": 740,
    "total_fp": 543,
    "total_fn": 278
  },
  "mAP": 0.6340147212700471
}